Hardware name,Manufacturer,Type,Release date,Release price (USD),FP64 (double precision) performance (FLOP/s),FP32 (single precision) performance (FLOP/s),FP16 (half precision) performance (FLOP/s),TF32 (TensorFloat-32) performance (FLOP/s),Tensor-FP16/BF16 performance (FLOP/s),INT16 performance (OP/s),INT8 performance (OP/s),INT4 performance (OP/s),Memory size per board (Byte),Memory bandwidth (byte/s),Intranode bandwidth (byte/s),Internode bandwidth (bit/s),Die Size (mm^2),TDP (W),Base clock (MHz),Boost clock (MHz),Memory clock (MHz),Memory bus (bit),Tensor cores,Process size (nm),Foundry,Number of transistors (millions),ML models,Last modified
NVIDIA H200 SXM,NVIDIA,GPU,11/18/2024,,3.345E+13,6.691E+13,,494500000000000.0,989500000000000.0,,1979000000000000.0,,,,,,,700,,,,,,5,TSMC,,"SEA-LION V3 Llama3.1 8B,SEA-LION V3 Llama3.1 70B",2025-03-17 14:53:27+00:00
AMD Instinct MI325X,AMD,GPU,10/10/2024,,8.17E+13,163400000000000.0,1300000000000000.0,653700000000000.0,,,2600000000000000.0,,2.56E+11,6E+12,,,,1000,2100,,1000,,,5,TSMC,153000,,2024-10-21 15:17:14+00:00
NVIDIA GB200 NVL2,NVIDIA,GPU,6/2/2024,,9E+13,180000000000000.0,5000000000000000.0,2500000000000000.0,5000000000000000.0,,1e+16,,3.84E+11,1.6E+13,,,,2400,,,,,,,,,,2025-02-21 18:35:42+00:00
Google TPU v6e,Google,TPU,5/14/2024,,,,,,918000000000000.0,,1836000000000000.0,,32000000000,1.64E+12,4.48E+11,,,,,,,,,,,,Gemini 2.0 Flash,2025-03-03 19:24:04+00:00
Meta MTIA v2,Meta,Other,4/10/2024,,,2.76E+12,,,5.53E+12,,354000000000000.0,,256000000,1E+12,,,421,90,1350,,,,,5,TSMC,,,2024-10-21 18:57:17+00:00
NVIDIA B100,NVIDIA,GPU,3/18/2024,,3E+13,,,875000000000000.0,1750000000000000.0,,3500000000000000.0,7000000000000000.0,1.92E+11,8E+12,,,,700,,,,,,,,,,2025-02-05 09:20:47+00:00
NVIDIA B200,NVIDIA,GPU,3/18/2024,,3.104E+13,6.208E+13,2250000000000000.0,1125000000000000.0,2250000000000000.0,,4500000000000000.0,9000000000000000.0,1.92E+11,8E+12,,,,1000,,,,,,,,,,2025-02-05 09:20:56+00:00
NVIDIA H100 NVL,NVIDIA,GPU,3/14/2024,,,,,,,,,,94000000000,3.938E+12,,,,400,1080,1785,2619,6016,,,,,,2025-03-17 15:40:08+00:00
Cerebras CS-3,Cerebras,Other,3/12/2024,2000000,,,1.5e+16,,,,,,44000000000,2.1e+16,,,,,,,,,,,TSMC,,,2025-02-21 09:15:39+00:00
MTT S4000,Moore Threads (Tencent),GPU,12/19/2023,,,2.5E+13,,5E+13,100000000000000.0,,200000000000000.0,,48000000000,7.68E+11,,,,450,,,,,128,,,,,2024-12-30 15:18:12+00:00
Google TPU v5p,Google,TPU,12/6/2023,,,,,,459000000000000.0,,918000000000000.0,,95000000000,2.765E+12,,,,,,,,,,,,,"Genie,Gemma 2 27B,AFM-on-device,Gemma 3 27B",2025-03-26 21:13:15+00:00
AMD Instinct MI300X,AMD,GPU,12/6/2023,,8.17E+13,163400000000000.0,1307400000000000.0,653700000000000.0,1307400000000000.0,,2614900000000000.0,,1.92E+11,,,,1017,750,,,,,,5,TSMC,,,2025-02-10 20:25:27+00:00
Sunway SW26010-Pro,Sunway,,11/26/2023,,1.38E+13,2.76E+13,5.5296E+13,,,,,,96000000000,3.072E+11,,,,,,,,,,14,,,,2025-01-14 21:34:32+00:00
NVIDIA HGX H20,NVIDIA,GPU,11/9/2023,12000,1E+12,4.4E+13,,7.4E+13,148000000000000.0,,296000000000000.0,,96000000000,4E+12,,,,400,,,,,,,,,,2025-03-06 20:36:54+00:00
NVIDIA L2 PCle,NVIDIA,GPU,11/9/2023,,,2.41E+13,,4.83E+13,9.65E+13,,193000000000000.0,,24000000000,3E+11,,,,,,,,,,,,,,2024-09-30 16:49:35+00:00
NVIDIA L20 PCle,NVIDIA,GPU,9/16/2023,4299,9.274E+11,5.935E+13,5.935E+13,5.98E+13,119500000000000.0,,239000000000000.0,,48000000000,8.64E+11,,,609,275,1440,2520,2250,384,11776,5,TSMC,76300,,2024-09-30 16:45:53+00:00
Google TPU v5e,Google,TPU,8/29/2023,,,,,,197000000000000.0,,393000000000000.0,,16000000000,8.19E+11,,,325,140,,,,,1,,,,"Gemma 7B,Gemini Nano-2,Gemini Nano-1,Gemma 2 2B,Gemma 1.1 7B Instruct,Imagen 3,PaliGemma,GameNGen,ALOHA Unleashed,Universal-1,DataGemma,Gemma 2B,Flexi-JEST++,JEST++,Gemma 3 1B,Gemma 3 4B,Robotics-ER,Gemini Robotics,GenCast",2025-03-26 21:13:21+00:00
NVIDIA GH200,NVIDIA,GPU,8/8/2023,,3.345E+13,6.691E+13,,494500000000000.0,989500000000000.0,,1979000000000000.0,,,,,,,700,,,,,,5,TSMC,,,2025-03-07 20:21:50+00:00
MetaX MXC500 (PCIe),MetaX,GPGPU,6/13/2023,,,1.5E+13,240000000000000.0,120000000000000.0,,,480000000000000.0,,64000000000,1.8E+13,,,,350,,,,,,7,,,,2024-12-20 18:07:02+00:00
MetaX MXN100,MetaX,GPU,6/7/2023,,,,8E+13,,,,160000000000000.0,,,,,,,,,,,,,,,,,2024-12-30 14:54:32+00:00
Meta MTIA v1,Meta,Other,5/18/2023,,,1.6E+12,,,5.12E+13,,102400000000000.0,,128000000,8E+11,,,373,25,800,,,,,7,TSMC,,,2024-10-21 18:56:59+00:00
NVIDIA H800 SXM5,NVIDIA,GPU,3/21/2023,,2.965E+13,5.93E+13,,454500000000000.0,989000000000000.0,,1979000000000000.0,,80000000000,3.36E+12,,,814,700,1095,1755,,5120,456,5,TSMC,80000,"DeepSeekMoE-16B,DeepSeek-V2 (MoE-236B),RWKV-5 (Eagle) 7B,DeepSeek-V3",2025-03-03 20:46:28+00:00
NVIDIA GeForce RTX 4070,NVIDIA,GPU,2/8/2023,,4.554E+11,2.915E+13,2.915E+13,,,,233000000000000.0,,12000000000,5.042E+11,,,295,285,1920,2475,1313,192,,,TSMC,35800,,2025-01-21 21:29:09+00:00
Intel Data Center GPU Max 1100,Intel,GPU,1/10/2023,,,2.222E+13,2.222E+13,,,,,,48000000000,1.23E+12,,,1280,300,1000,1550,600,8192,448,10,Intel,100000,,2024-08-08 21:40:53+00:00
Intel Data Center GPU Max 1350,Intel,GPU,1/10/2023,,,4.444E+13,4.444E+13,,,,,,96000000000,2.46E+12,,,1280,450,750,1550,1200,8192,896,10,Intel,100000,,2024-08-08 21:43:20+00:00
Intel Data Center GPU Max 1550,Intel,GPU,1/10/2023,,,5.243E+13,5.243E+13,,,,,,1.28E+11,3.28E+12,,,1280,600,900,1600,1600,8192,1024,10,Intel,100000,,2025-02-21 19:22:02+00:00
AMD Radeon Instinct MI300,AMD,GPU,1/4/2023,,4.787E+13,4.787E+13,383000000000000.0,,,,,,1.28E+11,6.55E+12,,,1017,600,,,,,,5,,,,2024-10-14 18:07:31+00:00
AMD Instinct MI300A,AMD,GPU,1/4/2023,,6.13E+13,122600000000000.0,980600000000000.0,490300000000000.0,980600000000000.0,,1961200000000000.0,,1.28E+11,,,,,760,,,,,,5,,,,2025-03-10 13:37:18+00:00
Baidu Kunlun RG800,Kunlunxin Baidu,XPU-R,1/1/2023,,,3.2E+13,128000000000000.0,,,128000000000000.0,256000000000000.0,,32000000000,5.12E+11,,,,130,,,,,,,,,,2024-12-20 06:29:56+00:00
MetaX MXC500 (OAM),MetaX,GPGPU,1/1/2023,,,1.8E+13,280000000000000.0,140000000000000.0,,,560000000000000.0,,64000000000,1.8E+13,,,,450,,,,,,7,,,,2024-12-20 18:07:04+00:00
Tianshu Zhixin Zhikai 100,Iluvatar CoreX,GPU,12/20/2022,,,2.4E+13,9.6E+13,,,,384000000000000.0,,,,,,,,,,,,,,,,,2024-12-30 17:57:25+00:00
NVIDIA A800,NVIDIA,GPU,11/8/2022,,9.746E+12,1.949E+13,7.797E+13,,,,,,,,,,826,,,,,5120,432,7,TSMC,54200,"FLM-101B,Skywork-13B,DreamLLM,BGE-M3 Embedding,OmniGen,ProSST,Baichuan 2-7B,YaYi 2.0,Baichuan1-7B",2025-02-21 17:06:52+00:00
AMD Radeon RX 7900 XTX,AMD,GPU,11/3/2022,999,1.919E+12,6.142E+13,122800000000000.0,,,,,,24000000000,9.6E+11,,,529,335,1860,2499,2500,384,96,,,57700,,2024-08-29 15:09:39+00:00
NVIDIA A800 Active,NVIDIA,GPU,11/3/2022,,9.7E+12,1.95E+13,,155900000000000.0,311800000000000.0,,623800000000000.0,,,,,,826,240,,,,,,,,,,2025-02-05 17:13:45+00:00
NVIDIA L40,NVIDIA,GPU,10/13/2022,,1.414E+12,9.052E+13,9.052E+13,,181000000000000.0,,362000000000000.0,,48000000000,8.64E+11,,,608,300,735,2490,2250,384,568,,,76300,,2025-03-03 17:56:14+00:00
NVIDIA H100 PCIe,NVIDIA,GPU,9/20/2022,,2.561E+13,5.122E+13,204900000000000.0,378000000000000.0,756000000000000.0,,,,,,6E+11,4E+11,814,350,1095,1755,,,,4,TSMC,80000,,2025-03-27 19:11:27+00:00
NVIDIA GeForce RTX 4090,NVIDIA,GPU,9/20/2022,1599,1.29E+12,8.26E+13,8.26E+13,8.26E+13,330000000000000.0,,660600000000000.0,,24000000000,1.008E+12,,,608,450,2235,2520,1313,384,512,,,76300,"Diamond,JetFire (GPT2-LARGE),Rethinking Molecular Design: Integrating Latent Variable and Auto-Regressive Models for Goal Directed Generation",2025-03-03 20:47:42+00:00
NVIDIA H100 SXM5 80GB,NVIDIA,GPU,9/20/2022,44489.88,3.345E+13,6.691E+13,267600000000000.0,494500000000000.0,989500000000000.0,,1979000000000000.0,,80000000000,3.35E+12,9E+11,4E+11,814,700,1665,1980,1313,5120,528,5,TSMC,80000,"Inflection-1,Inflection-2,MPT-30B,StarCoder 2 7B,Llama 3-70B,DBRX,Evo,Inflection-2.5,Reka Core,Reka Flash,Stable LM 2 12B,Llama 3-8B,phi-3-mini 3.8B,Jamba,Nemotron-4 340B,Multi-Token Prediction 7B,Multi-Token Prediction 13B,Llama 3.1-405B,Mamba2-Hybrid,EXAONE 3.0,Jamba 1.5-Large,OLMoE,Falcon Mamba,Pharia-1-LLM-7B,Llama 3.2 1B,Llama 3.2 3B,Llama 3.2 11B,Llama 3.2 90B,Movie Gen Video,Movie Gen Audio,phi-3.5-mini,phi-3.5-Vision,Stable Video 4D (SV4D),Yi-Lightning,Mistral Large,NVLM-D 72B,NVLM-H 72B,Luma Dream Machine,GRITLM 8x7B,Nemotron-4 15B, Tulu 3 (Tülu 3) 70B,Hermes 3 405B,Hermes 3 70B,Hermes 3 8B,DISTRO,Allegro,Zephyr 141B-A39B																																						,NVLM-X 72B,Llama 3.3,Granite 3.0 8B,Granite 3.0 2B,OLMo 2 Furious 7B,OLMo 2 Furious 13B,LLaVA-CoT,Cosmos-1.0-
Diffusion-14B Video2World,TAIWAN-LLM 13B,TAIWAN-LLM 7B,TAIDE-LX-7B,Llama-3-Taiwan-70B
,SimPO,Yi-VL-34B,s1,NVILA 15B,NVILA 8B,Grok-3,Grok-2,SEA-LION V2 8B,SEA-LION V3 Gemma2 9B,SEA-LION V3 Llama3.1 70B,EXAONE Deep 2.4B,EXAONE Deep 7.8B,EXAONE Deep 32B,Ovis-7B,Molmo 72B,Phi-4",2025-03-27 19:30:14+00:00
NVIDIA GeForce RTX 4080,NVIDIA,GPU,9/20/2022,1199,7.615E+11,4.874E+13,4.874E+13,,,,390000000000000.0,,16000000000,7.168E+11,,,379,320,2205,2505,1400,256,304,,TSMC,45900,,2025-03-03 18:20:17+00:00
Biren BR100,Biren,GPGPU,8/22/2022,,,256000000000000.0,,512000000000000.0,1024000000000000.0,,2048000000000000.0,,64000000000,1.64E+12,,,1074,550,,,,,,7,,,,2024-12-20 16:49:31+00:00
NVIDIA A800 SXM,NVIDIA,GPU,8/11/2022,,,,,,312000000000000.0,,,,,,,,826,,,,,,,,,,,2025-02-21 09:16:39+00:00
MT-3000,National University of Defense Technology,Hybrid CPU,7/1/2022,,1.16E+13,,,,,,,,1.28E+11,,,,,256,,,,,,,,,,2025-01-08 04:41:16+00:00
NVIDIA GeForce RTX 3090 Ti,NVIDIA,GPU,3/29/2022,1999,6.25E+11,4E+13,4E+13,4E+13,160000000000000.0,,320000000000000.0,,24000000000,1.008E+12,,,628,450,1560,1860,1313,384,336,8,Samsung,28300,"YOLOv10-X,pKALM",2025-03-04 19:05:07+00:00
Cambricon MLU370-X8,Cambricon,,3/21/2022,,,2.4E+13,9.6E+13,,,128000000000000.0,256000000000000.0,,48000000000,6.144E+11,,,,250,,,,,,7,,,,2024-12-20 06:50:08+00:00
Huawei Ascend 910B,Huawei,GPU,3/17/2022,16854,,9.4E+13,376000000000000.0,,,,,,32000000000,1.228E+12,,,,,,,900,,,7,SMIC,,,2024-10-21 18:25:46+00:00
Baidu Kunlun R100 (75W),Kunlunxin Baidu,XPU-R,1/1/2022,,,1.8E+13,6.4E+13,,,6.4E+13,128000000000000.0,,12000000000,3.84E+11,,,,75,,,,,,,,,,2024-12-20 06:29:51+00:00
Baidu Kunlun R100 (100W),Kunlunxin Baidu,XPU-R,1/1/2022,,,2E+13,8.5E+13,,,8.5E+13,170000000000000.0,,12000000000,3.84E+11,,,,100,,,,,,,,,,2024-12-20 06:29:53+00:00
Baidu Kunlun R200 (150W),Kunlunxin Baidu,XPU-R,1/1/2022,,,3.2E+13,128000000000000.0,,,128000000000000.0,256000000000000.0,,16000000000,5.12E+11,,,,150,,,,,,7,,,,2024-12-20 06:29:54+00:00
Baidu Kunlun R200-8F (160W),Kunlunxin Baidu,XPU-R,1/1/2022,,,3.2E+13,128000000000000.0,,,128000000000000.0,256000000000000.0,,32000000000,5.12E+11,,,,160,,,,,,7,,,,2024-12-20 06:29:55+00:00
AMD Radeon Instinct MI250X,AMD,GPU,11/8/2021,14500,4.787E+13,4.787E+13,383000000000000.0,9.57E+13,383000000000000.0,,383000000000000.0,,1.28E+11,3.28E+12,,,724,500,1000,1700,1600,8192,,6,TSMC,58200,"BLUUMI,Poro 34B,Viking,OLMo-7B,ColPali,OLMo-1B",2025-03-13 12:38:24+00:00
Cambricon MLU370-S4/S8,Cambricon,,11/3/2021,,,1.8E+13,7.2E+13,,,9.6E+13,192000000000000.0,,24000000000,3.072E+11,,,,75,,,,,,7,,,,2024-12-20 06:43:31+00:00
Cambricon MLU370-X4,Cambricon,,11/3/2021,,,2.4E+13,9.6E+13,,,128000000000000.0,256000000000000.0,,24000000000,3.072E+11,,,,150,,,,,,7,,,,2024-12-20 06:47:08+00:00
Cambricon MLU370-S8,Cambricon,,11/3/2021,,,1.8E+13,7.2E+13,,,9.6E+13,192000000000000.0,,48000000000,3.072E+11,,,,75,,,,,,7,,,,2024-12-20 06:44:43+00:00
Cambricon MLU370-S4,Cambricon,,11/3/2021,,,1.8E+13,7.2E+13,,,9.6E+13,192000000000000.0,,24000000000,3.072E+11,,,,75,,,,,,7,,,,2024-12-20 06:43:28+00:00
Tesla D1 Dojo,Tesla,GPU,8/21/2021,,,2.26E+13,,,362000000000000.0,,,,,,,,,400,,,,,,7,TSMC,,,2025-01-29 17:36:08+00:00
Baidu Kunlun II,Kunlunxin Baidu,XPU-R,8/18/2021,,,,128000000000000.0,,,,256000000000000.0,,32000000000,,,,,150,,,,,,7,,,,2024-12-20 06:29:49+00:00
Shensuan-1,Hygon,DCU (GPGPU),7/1/2021,,,,2.45E+13,,,,,,32000000000,,,,,350,,,,,,7,,,,2025-01-08 04:40:00+00:00
Google TPU v4,Google,TPU,5/20/2021,,,,,,275000000000000.0,,275000000000000.0,,32000000000,1.2E+12,,,,192,,,,,,7,,,"Flamingo,GLaM,CodeGen-Mono 16.1B,Ankh_large,Cohere Command,CoCa,PaLI,BASIC-L,XGen-7B,PaLM 2,Minerva (540B),UniPi,PaLM (540B),Chinchilla,AlphaCode,OpenLLaMA-13B,Gemini 1.0 Ultra,GNoME for crystal discovery,U-PaLM (540B),Ankh_base,AudioLM,Parti,Flan-PaLM 540B,Flan-T5 11B,Aya,Unified-IO (XL),Cohere Command Light,ViT-22B,Gemini 1.0 Pro,UL2,Imagen,Gemini 1.5 Flash,Gemma 2 9B,AFM-server,GenMS,Imagen 3,Med-Gemini-2D,Med-Gemini-3D,Med-Gemini-M 1.5,SigLIP 400M,SigLiT,Gemini 1.5 Flash 8B,SigLIP,Gemini 1.5 Pro,Gemma 3 12B,Robotics-ER,Gemini Robotics,LLPS",2025-03-27 10:42:38+00:00
Cerebras CS-2,Cerebras,Other,4/20/2021,2000000,,,7500000000000000.0,,,,,,,,,,,,,,,,,,TSMC,2.6E+12,"Cerebras-GPT-13B,BTLM-3B,Sparse Wide GPT-3 Small",2025-03-25 20:15:38+00:00
NVIDIA RTX A4000,NVIDIA,GPU,4/12/2021,1000,5.99E+11,1.917E+13,1.917E+13,,,,,,16000000000,4.48E+11,,,392,140,735,1560,1750,256,192,8,Samsung,17400,,2025-03-03 19:16:03+00:00
NVIDIA A10G,NVIDIA,GPU,4/12/2021,,9.85E+11,3.15E+13,3.15E+13,,,,,,24000000000,6.002E+11,,,628,150,1320,1710,1563,384,288,8,Samsung,28300,TimeGPT-1,2024-11-07 02:22:35+00:00
NVIDIA RTX A5000,NVIDIA,GPU,4/12/2021,2250,8.678E+11,2.777E+13,2.777E+13,,,,,,24000000000,7.68E+11,,,628,230,1170,1695,2000,384,256,8,Samsung,28300,"Refact-1.6B,BiomedGPT (182M)",2025-03-03 19:15:51+00:00
NVIDIA A10 PCIe,NVIDIA,GPU,4/12/2021,2800,9.763E+11,3.124E+13,3.124E+13,,,,250000000000000.0,,24000000000,6.002E+11,,,628,150,885,1695,,384,288,8,Samsung,28300,Goat-7B,2025-01-21 21:32:10+00:00
Tianshu Zhixin Tiangai 100 (BI-V100),Iluvatar CoreX,GPGPU,3/31/2021,,,3.2E+13,128000000000000.0,,,,256000000000000.0,,32000000000,,,,,250,,,,,,7,,,,2024-12-30 17:57:26+00:00
Cambricon MLU290-M5,Cambricon,,1/21/2021,,,,,,,256000000000000.0,512000000000000.0,,32000000000,1.228E+12,,,,350,,,,,,7,,,,2024-12-20 06:41:11+00:00
NVIDIA A100 SXM4 80 GB,NVIDIA,GPU,11/16/2020,,9.746E+12,1.949E+13,7.797E+13,156000000000000.0,312000000000000.0,,624000000000000.0,,80000000000,2.039E+12,6E+11,2E+11,826,400,1275,1410,1593,5120,432,7,TSMC,54200,"InternLM,Llama 2-70B,Galactica,StarCoder,Luminous-supreme,JIANG,Megatron-Turing NLG 530B,RWKV-4 14B,OPT-175B,Code Llama-34B,Llama 2-34B,CodeFuse-13B,XuanYuan 2.0,Llama 2-7B,Llama 2-13B,Fusion in Encoder,GGNN,OmegaPLM,Orca 2-13B,Code Llama-70B,MMS-1B,Llama Guard,Code Llama-7B,VideoMAE V2,Emu (BAAI),OpenFlamingo,StarCoder 2 3B,Volcano 13B,BLOOM-176B,NLLB,OPT-66B,A.X (Adot) 18B,Chameleon-34B,FragLlama: Next-fragment prediction for molecular design,YaART,Multi-Token Prediction 7B,Multi-Token Prediction 13B,Pharia-1-LLM-7B,LBSTER,Stable Video 3D (SV3D),Stable Video Diffusion,BELLE-LLaMA-EXT-7B,GRITLM 7B,MindEye2,MobileCLIP-B (LT),TiTok-L,Alpaca,PepPrCLIP,Amber,Code Llama-13B,StableLM - Zephyr 3B,Minitron 8B,Minitron 4B,Llama-3.1-Minitron-4B,F5-TTS, InternVL,SparseOPT-175B,Hybrid H3-2.7B",2025-03-25 18:00:17+00:00
NVIDIA RTX A6000,NVIDIA,GPU,10/5/2020,4649,1.21E+12,3.87E+13,3.87E+13,,,,,,48000000000,7.68E+11,,,628,300,1410,1800,2000,384,336,8,Samsung,28300,"DiffDock,QMoE: compressed SwitchTransformer,DeepUrfold,llama-3-airoboros-70b-3.3,Mdgen,Precious3GPT",2025-03-27 09:43:12+00:00
NVIDIA A40 PCIe,NVIDIA,GPU,10/5/2020,,5.846E+11,3.742E+13,3.742E+13,7.48E+13,149700000000000.0,,299300000000000.0,,48000000000,6.958E+11,,,628,300,1305,1740,1812,384,336,8,Samsung,28300,UdanDTI,2025-03-03 19:41:49+00:00
NVIDIA GeForce RTX 3080,NVIDIA,GPU,9/1/2020,699,4.651E+11,2.977E+13,2.977E+13,,,,,,10000000000,7.6E+11,,,628,320,1440,1710,1188,320,272,8,Samsung,28300,"MTDP,ConoDL",2025-03-26 13:22:21+00:00
NVIDIA GeForce RTX 3090,NVIDIA,GPU,9/1/2020,1499,5.56E+11,3.558E+13,3.558E+13,,,143000000000000.0,284000000000000.0,,24000000000,9.36E+11,,,628,350,1395,1695,1219,384,328,8,Samsung,28300,"Swift,Robot Parkour,Otter,FinGPT-13B,DeepSA,NLM,MPDF,Text2Protein,TAWFN,Transformer + GFM,Transformer-XL + PowerSGD + L-Greco",2025-03-28 18:02:33+00:00
NVIDIA A100 PCIe,NVIDIA,GPU,6/22/2020,,9.746E+12,1.949E+13,7.797E+13,156000000000000.0,312000000000000.0,,624000000000000.0,,,,6E+11,2E+11,826,300,,,,5120,432,7,TSMC,54200,"Discriminator Guidance,YuYan 11B,FvFold",2025-03-03 20:40:47+00:00
NVIDIA A100 SXM4 40 GB,NVIDIA,GPU,5/14/2020,15000,9.746E+12,1.949E+13,7.797E+13,156000000000000.0,312000000000000.0,,624000000000000.0,,40000000000,1.56E+12,6E+11,2E+11,826,400,1095,1410,1215,5120,432,7,TSMC,54200,"Florence,Luminous-supreme,Falcon-180B,GPT-3.5,GPT-4,StableLM-Base-Alpha-7B,Phi-1.5,WeLM,GLM-130B,BlenderBot 3,GPT-NeoX-20B,TinyLlama-1.1B (1T token checkpoint),TinyLlama-1.1B (3T token checkpoint),StableLM-2-1.6B,DINOv2,Stable Code 3B,Falcon-7B,Qarasu-14B,Flan T5-XXL + BLIP-2,BLIP-2 (Q-Former),Swin Transformer V2 (SwinV2-G),SPHINX (Llama 2 13B),EVA-01,CoRe,InstructBLIP,xTrimoPGLM -100B,MPT-7B,Pythia-12b,Pythia-2.8b,Pythia-6.9b,Pythia-160m,Pythia-1b,Pythia-1.4b,Pythia-70m,Pythia-410m,PLaMo-13B,Falcon 2 11B,Janus 1.3B,Luminous-extended,Luminous-base,TeleChat-7B,TeleChat-3B,TeleChat-12B,aiXcoder-7B Base,Xinyu,Janus-Pro-7B,Janus-Pro-1B,SEA-LION V1 3B,SEA-LION V1 7B",2025-03-17 15:03:32+00:00
NVIDIA A100,NVIDIA,GPU,3/1/2020,,9.7E+12,1.95E+13,7.797E+13,156000000000000.0,312000000000000.0,,624000000000000.0,,40000000000,1.56E+12,6E+11,2E+11,826,400,1280,1410,1590,5120,432,7,TSMC,54200,"DLRM-2022,Taiyi-Stable Diffusion,AR-LDM,Megatron-LM (1T),DLRM-12T,LLaMA-65B,GPT-SW3,CALM,Falcon-40B,Ferret (13B),Show-1,MoE-1.1T,StableLM-3B-4E1T,CodeT5-base,CodeT5-large,CodeT5+,ZymCTRL,BloombergGPT,LLaMA-7B,DiT-XL/2 + Discriminator Guidance,Platypus-70B,OPT-IML (175B),Fairseq-dense 13B,Polyglot-Ko-12.8B,PULI GPTrio,LLaMA-13B,Wu Dao Aquila-7B,Phi-2,Nemotron-3-8B,Japanese-LM-3.6B,EMDR,LDM-1.45B,ImageBind,Tranception,ProtGPT2,gLM,HyenaDNA,Nucleotide Transformer,Segment Anything Model,AudioGen,EnCodec,YaLM,Granite 13B,HyperCLOVA 82B,CoEdiT-xxl,XGLM-7.5B,RQ-Transformer (LSUN-cat dataset),RQ-Transformer (1.4B params ImageNet dataset),RQ-Transformer (3.8B params ImageNet dataset),LLaVA,LLaVA 1.5,LLaVA-NeXT-34B (LLaVA-1.6),CTR-BERT,DeepSeekMoE-16B,eDiff-I,Starling-LM-7B-alpha,OtterHD-8B,OneLLM,InternLM-XComposer,AlexaTM 20B,PLUG,Stable Diffusion (LDM-KL-8-G),Wu Dao Aquila-33B,MegaScale (175B),MegaScale (530B),MegaScale (Production),Evo,Reka Core,Reka Flash,OLMo-7B,MosaicML Diffusion,ruDalle: Kandinsky 3.0,ruDalle: Kandinsky 3.1,Prithvi-100M,GPT-2 (AMPS),HyperCLOVA 204B,Amazon Titan,Perfusion,BGE-M3 Embedding,Swallow,MuggleMath,MiniGPT4 (Vicuna finetune),Genie 2 (bio),OpenVLA,MGK 4 heads (medium),AlphaFold 3,FRED-T5-XL,ruGPT-3.5 13B,CHAI-1,ProteinSetTransformer,Aurora,ERNIE-ViLG 2.0,3-ensemble of Self-ensembles on CIFAR-100,ChatBit,MACE-MP-0,MetaMath 7B (LLaMa finetune),MetaMath 7B (Mistral finetune),T2V-Turbo-v2,VideoCrafter2,4D Diffusion for Dynamic Protein Structure Prediction with Reference Guided Motion Alignment,IDPFold,MolPhenix,Importance of higher-order epistasis in large protein sequence-function relationships,PlasmidGPT,Vicuna-7B v0,Vicuna-13B v0,Vicuna-13B-v1.3,Vicuna-7B-v1.3,RWKV-6 (Finch) 3B,Zephyr 7B,BaiLing TTS,BaseFold,HiFi - NN,Phi-1,HAM-TTS,HGRN 1B (WT 103),IDEFICS-9B,IDEFICS-80B,MatterSim (M3GNet - MatterSim-v1.0.0-5M),MatterSim (Grpaphomer),Apollo 7B,Apollo 3B,Apollo 1.5B,TigerBot-70B,MatterGen,xLSTM 1.4B,Jurassic-1-Jumbo,ALLaM adapted13B
,ALLaM adapted 70B ,ALLaM 7B,ALLaM 34B,OLMo-1B,Yi-34B,RNAformer,Fugatto 1,EGRU (PTB),MLDD3UTRmRRNAS,FragLlama,Jaeger,ProtSSN,CoPRA,ProTrek,ProtT3,InstructPLM,GroundingGPT,Uni-RNA-L8,Uni-RNA-L12,ESM-GearNet,Hybrid H3-125M,Hybrid H3-355M,Hybrid H3-1.3B,GearNet",2025-03-31 13:54:29+00:00
Google TPU v4i,Google,TPU,1/1/2020,,,,,,138000000000000.0,,,,8000000000,6.14E+11,,,400,175,1055,,,,,7,,16000,,2024-10-24 10:26:20+00:00
Baidu Kunlun K200,Kunlunxin Baidu,XPU,1/1/2020,,,1.6E+13,6.4E+13,,,6.4E+13,256000000000000.0,,16000000000,5.12E+11,,,,150,,,,,,14,,,,2024-12-20 06:29:50+00:00
NVIDIA Tesla V100S PCIe 32 GB,NVIDIA,GPU,11/26/2019,,8.177E+12,1.635E+13,3.271E+13,,130000000000000.0,,,,32000000000,1.13E+12,32000000000,1E+11,815,250,1245,1597,,4096,640,12,TSMC,21100,"ConSERT,Megatron-BERT",2024-10-04 19:27:04+00:00
Cerebras CS-1,Cerebras,Other,11/19/2019,,,,,,,,,,18000000000,9000000000000000.0,,1e+17,46225,,,,,,,,TSMC,1200000,,2025-02-21 18:57:19+00:00
T-Head Hanguang 800,Alibaba,NPU,9/25/2019,,,,,,,205000000000000.0,825000000000000.0,,,,,,,276,,,,,,12,,,,2024-12-30 17:37:19+00:00
Huawei Ascend 910,Huawei,GPU,8/23/2019,,,,256000000000000.0,,,,512000000000000.0,,,,,,1228,310,,,,,,7,,,"PanGu-α,CodeGeeX,PanGu-Σ,ERNIE 3.0 Titan",2025-02-21 17:52:09+00:00
Huawei Ascend 910 (320 TFLOPS),Huawei,GPU,8/23/2019,,,,320000000000000.0,,,,640000000000000.0,,,,,,1228,310,,,,,,7,,,,2025-02-27 15:38:01+00:00
Cambricon MLU270-F4,Cambricon,ASIC,6/20/2019,2080,,,,,,6.4E+13,128000000000000.0,256000000000000.0,16000000000,1.02E+11,,,,150,,,,,,,,,,2025-02-10 03:03:47+00:00
Cambricon MLU270-S4,Cambricon,ASIC,6/20/2019,,,,,,,6.4E+13,128000000000000.0,256000000000000.0,16000000000,1.02E+11,,,,70,,,,,,,,,,2025-01-08 04:39:11+00:00
Baidu Kunlun I,Kunlunxin Baidu,XPU,1/1/2019,,,1.6E+13,6.4E+13,,,6.4E+13,256000000000000.0,,,5.12E+11,,,500,150,,,,,,14,,,,2024-12-20 06:29:48+00:00
NVIDIA Quadro RTX 4000,NVIDIA,GPU,11/13/2018,899,2.225E+11,7.119E+12,1.424E+13,,,,,,8000000000,4.16E+11,,,545,160,1005,1545,1625,256,288,12,TSMC,13600,CaLM,2025-03-03 16:15:53+00:00
Huawei Ascend 310,Huawei,GPU,10/10/2018,,,,8E+12,,,,1.6E+13,,,,,,105,8,,,,,,12,,,,2025-02-21 10:04:07+00:00
NVIDIA GeForce RTX 2080 Ti,NVIDIA,GPU,9/20/2018,999,4.202E+11,1.345E+13,2.69E+13,,113800000000000.0,,227700000000000.0,,11000000000,6.16E+11,,,754,250,1350,1545,1750,352,544,12,TSMC,18600,"YuYan 11B,DNABERT,EpiScan",2025-03-04 19:12:26+00:00
NVIDIA Tesla T4,NVIDIA,GPU,9/13/2018,,2.544E+11,8.141E+12,6.513E+13,,,,,,16000000000,3.2E+11,,,545,70,585,1590,1250,256,320,12,TSMC,13600,,2024-10-14 18:03:31+00:00
NVIDIA Quadro RTX 6000,NVIDIA,GPU,8/13/2018,6300,5.098E+11,1.631E+13,3.262E+13,,,,,,24000000000,6.72E+11,,,754,260,1440,1770,1750,384,576,12,TSMC,18600,Projected GAN,2024-07-26 01:14:01+00:00
NVIDIA Quadro RTX 5000,NVIDIA,GPU,8/13/2018,2300,3.485E+11,1.115E+13,2.23E+13,,,,,,16000000000,4.48E+11,,,545,230,1620,1815,1750,256,384,12,TSMC,13600,ProteinBERT,2025-03-03 16:15:45+00:00
NVIDIA Quadro RTX 8000,NVIDIA,GPU,8/13/2018,,5.098E+11,1.63E+13,3.262E+13,,,,,,48000000000,6.72E+11,,,754,260,1395,1770,1750,384,576,12,TSMC,18600,"PolyCoder,MiniGPT4 + LRV-Instruction,Verbatim Memory Transformer (108M)",2025-03-31 14:03:44+00:00
Google TPU v3,Google,TPU,5/18/2018,,,,,,123000000000000.0,,,,32000000000,9E+11,,,,450,,,,,,16,,,"BigGAN-deep 512x512,MnasNet-A3,MnasNet-A1 + SSDLite,T5-3B,T5-11B,SimCLR,EfficientNetV2-XL,Denoising Diffusion Probabilistic Models (LSUN Bedroom),Meena,AlphaFold 2,CoAtNet,Big Transfer (BiT-L),Conformer + Wav2vec 2.0 + Noisy Student,ContextNet + Noisy Student,ALBERT,ViT-G/14 (LiT),ViT-G/14,AlphaStar,ByT5-XXL,Gopher (280B),LaMDA,ALIGN,GShard (dense),UnifiedQA,DiT-XL/2,AlphaFold-Multimer,Chinchilla,ProGen2-xlarge,Adaptive Agent,Instruct-GPT + Mind's Eye,PaLM-SayCan,ResNet-RS,ATLAS,Meta Pseudo Labels,GOAT,Switch,ProtT5-XXL,LongT5,SciBERT,AlphaGeometry,GBERT-Large,German ELECTRA Large,DALL-E mega,DALL-E mini,T0-XXL,ViT-Huge/14,ALBERT-xxlarge,Gato,Noisy Student (L2),ProtBERT-BFD,FLAN 137B,ProtT5-XXL-BFD,Hawk,Griffin,Tk-Instruct,Delphi,XLNet,GPT-J-6B,PaliGemma,Tulu V2 DPO 70B,AlphaTensor,GPT-2 (1.5B)",2025-03-01 00:54:34+00:00
NVIDIA Tesla V100 DGXS 16 GB,NVIDIA,GPU,3/27/2018,,8.1E+12,1.62E+13,3.24E+13,,125000000000000.0,,,,16000000000,8.97E+11,3E+11,1E+11,815,250,1354,1582,,,640,12,TSMC,21100,"KataGo,CogView,DALL-E,Big Transformer for Back-Translation",2025-03-03 19:14:53+00:00
NVIDIA Tesla V100 PCIe 32 GB,NVIDIA,GPU,3/27/2018,11458,7.066E+12,1.413E+13,2.826E+13,,112000000000000.0,,,,32000000000,8.97E+11,32000000000,1E+11,815,250,1230,1380,,4096,640,12,TSMC,21100,Retrieval-Augmented Generator,2024-10-04 19:27:02+00:00
NVIDIA Tesla V100 DGXS 32 GB,NVIDIA,GPU,3/27/2018,,7.834E+12,1.567E+13,3.133E+13,,125000000000000.0,,,,32000000000,8.97E+11,3E+11,1E+11,815,250,1297,1530,,4096,640,12,TSMC,21100,"Megatron-LM (8.3B),Rubik's cube ADR robot,GPT-3 175B (davinci),iGPT-XL,iGPT-L,wave2vec 2.0 LARGE,DLRM-2022,M6-T,DistilProtBert,ERNIE 3.0 Titan,Turing-NLG,RoBERTa Large,MSA Transformer,XLM-RoBERTa,MedBERT,GPT-3 2.7B,GPT-3 6.7B,GPT-3 13B,GPT-3 Large,GPT-3 Medium,GPT-3 Small,GPT-3 XL",2025-01-22 17:24:19+00:00
NVIDIA Tesla V100 SXM3 32 GB,NVIDIA,GPU,3/27/2018,,7.834E+12,1.567E+13,3.133E+13,,125000000000000.0,,,,,,3E+11,1E+11,815,300,1290,,,,,12,TSMC,21100,,2025-03-03 20:59:31+00:00
NVIDIA Tesla V100 SXM2 32 GB,NVIDIA,GPU,3/27/2018,11458,7.834E+12,1.567E+13,3.133E+13,,125000000000000.0,,,,32000000000,8.98E+11,3E+11,1E+11,815,300,1290,1530,,4096,640,12,TSMC,21100,,2025-03-06 20:34:11+00:00
NVIDIA Titan V,NVIDIA,GPU,12/1/2017,2999,7.45E+12,1.49E+13,2.98E+13,,,,,,12000000000,6.51E+11,,,815,250,1200,1455,848,3072,640,12,TSMC,21100,SeqVec,2024-07-26 01:15:03+00:00
NVIDIA Tesla V100 SXM2,NVIDIA,GPU,7/1/2017,11500,7.8E+12,1.567E+13,3.133E+13,,125000000000000.0,,,,16000000000,8.97E+11,3E+11,1E+11,815,300,1312,1530,876,4096,640,12,TSMC,21100,"PAGnol-XL,FRED-T5-XL,ruGPT-3.5 13B",2025-03-06 20:34:14+00:00
NVIDIA Tesla V100 SXM2 16 GB,NVIDIA,GPU,6/21/2017,,7.834E+12,1.567E+13,3.133E+13,,125000000000000.0,,,,,,3E+11,1E+11,815,300,1312,1530,,,,12,TSMC,21100,,2025-03-03 16:15:13+00:00
NVIDIA Tesla V100 PCIe 16 GB,NVIDIA,GPU,6/21/2017,10664,7.066E+12,1.413E+13,2.826E+13,,112000000000000.0,,,,16000000000,8.97E+11,32000000000,1E+11,815,250,1245,1380,,4096,640,12,TSMC,21100,ASE,2025-03-03 19:55:22+00:00
NVIDIA V100,NVIDIA,GPU,6/21/2017,,7.834E+12,1.567E+13,3.133E+13,,125000000000000.0,,,,,,3E+11,1E+11,815,300,,,,4096,640,12,TSMC,21100,"DARK,ProBERTa,DD-PPO,Diffusion-GAN,Projected GAN,ADM,WizardLM-7B,DETR,DDPM-IP (CelebA),SantaCoder,Persia,Incoder-6.7B,RedPajama-INCITE-7B-Base,CTM (CIFAR-10),Transformer + Simple Recurrent Unit,ImageBind,ESM1-670M (UR50/S),ESM1-670M (UR50/D),ESM1-670M (UR100),ESM1-85M,ESM1-43M,ESM1b,ESM1v,Rita-XLarge,ProteinLM,TAPE Transformer,VALL-E,MultiBand Diffusion,VALL-E X,Transformer (Adaptive Input Embeddings) WT103,LUKE,SeamlessM4T,Pangu-Weather,Kosmos-2,mBART-50,Detic,MegaMolBART,ViT + DINO,YOLOX-X,CamemBERT,ProxylessNAS,Once for All,CLIP (ViT L/14@336px),ESM2-15B,ERNIE 3.0,CPM-Large,ESM2-650M,DeBERTa,PIXART-α,DeiT-B,Theseus 6/768,CLUE,WeNet (Penn Treebank),PermuteFormer,RFdiffusion,DiffQ Transformer (16L),CODEFUSION (Python),TrOCR,PLATO-XL,SEER,MoLFormer-XL,Soccer Robot,CodonTransformer,ProteinSGM,FastSpeech,FastSpeech 2,ResNeXt-101 32x48d,GPT-2+Active-SGD (WT2),ProtRNA,ProtT3,mini-GPT-2+Active-AdamW",2025-03-31 09:43:42+00:00
PEZY-SC2,PEZY,,6/1/2017,,4.1E+12,8.192E+12,1.604E+13,,,,,,,,,,,180,,,,,,16,TSMC,,,2025-03-14 19:35:19+00:00
Google TPU v2,Google,TPU,5/1/2017,,,3E+12,,,4.6E+13,,,,16000000000,6E+11,,,,280,,,,,,16,,,"AlphaZero,BERT-Large,Mesh-TensorFlow Transformer 4.9B (language),Mesh-TensorFlow Transformer 2.9B (translation),Soccer Robot",2025-02-21 09:25:55+00:00
NVIDIA TITAN Xp,NVIDIA,GPU,4/6/2017,1199,3.797E+11,1.215E+13,1.898E+11,,,,,,12000000000,5.48E+11,,,471,250,1405,1582,1426,384,,16,TSMC,11800,"DNA Fine-Tuned Language Model (DFLM),DensePhrases,Refined Part Pooling",2025-02-04 18:02:11+00:00
NVIDIA GeForce GTX 1080 Ti,NVIDIA,GPU,3/10/2017,699,3.544E+11,1.134E+13,1.772E+11,,,,,,11000000000,4.84E+11,,,471,250,1481,1582,1376,352,,16,TSMC,11800,"Cross-lingual alignment,AlphaX-1,PeptideBERT",2024-08-23 17:35:50+00:00
NVIDIA Quadro P600,NVIDIA,GPU,2/7/2017,178,37370000000,1.196E+12,18680000000,,,,,,2000000000,64130000000,,,132,40,1329,1557,,128,,14,Samsung,3300,GPT-1,2024-09-06 20:48:19+00:00
NVIDIA Quadro P4000,NVIDIA,GPU,2/6/2017,815,1.658E+11,5.304E+12,82880000000,,,,,,8000000000,2.434E+11,,,314,105,1202,1480,1901,256,,16,TSMC,7200,,2024-07-26 01:15:35+00:00
MT-2000,National University of Defense Technology,,1/1/2017,,2.46E+12,4.92E+12,,,,,,,,,,,,240,,,,,,,,,,2025-03-14 17:49:03+00:00
NVIDIA Quadro P5000,NVIDIA,GPU,10/1/2016,2499,2.773E+11,8.873E+12,1.386E+11,,,,,,16000000000,2.88E+11,,,314,180,1607,1733,1127,256,,16,TSMC,7200,,2024-08-29 15:09:45+00:00
NVIDIA Quadro P6000,NVIDIA,GPU,10/1/2016,5999,3.948E+11,1.263E+13,1.974E+11,,,,,,24000000000,4.33E+11,,,471,250,1506,1645,1127,384,,16,TSMC,11800,,2024-07-26 01:15:59+00:00
NVIDIA P40,NVIDIA,GPU,9/13/2016,5699,3.674E+11,1.176E+13,1.837E+11,,,,,,24000000000,6.943E+11,,,471,250,1303,1531,1808,384,,,,11800,,2024-08-29 15:09:47+00:00
NVIDIA Tesla P4,NVIDIA,GPU,9/13/2016,,1.782E+11,5.704E+12,89120000000,,,,2.2E+13,,8000000000,1.923E+11,,,314,75,886,1114,1502,256,,16,TSMC,7200,,2024-07-26 01:16:48+00:00
NVIDIA Tesla P100 PCIe 16GB,NVIDIA,GPU,6/20/2016,,4.763E+12,9.526E+12,1.905E+13,,,,,,,,,,610,250,1190,,,,,16,TSMC,15300,"RNN + char2-MS-vec,RNN + char3-MS-vec,RNN + char4-MS-vec",2025-03-07 16:06:02+00:00
NVIDIA Tesla P100 PCIe 12GB,NVIDIA,GPU,6/20/2016,,4.763E+12,9.526E+12,1.905E+13,,,,,,,,,,610,250,1190,,,,,16,TSMC,15300,,2025-03-07 16:05:58+00:00
NVIDIA P100 PCIe 16GB,NVIDIA,GPU,6/20/2016,,4.7E+12,9.56E+12,1.91E+13,,,,,,16000000000,7.32E+11,,,610,250,1190,1329,715,4096,,16,TSMC,15300,,2025-03-07 16:04:46+00:00
NVIDIA GeForce GTX 1080,NVIDIA,GPU,5/27/2016,599,2.773E+11,8.873E+12,1.386E+11,,,,,,8000000000,3.203E+11,,,314,180,1607,1733,,256,,16,TSMC,7200,SEST,2024-09-06 20:39:04+00:00
NVIDIA Tesla P100 SXM2,NVIDIA,GPU,4/5/2016,,5.304E+12,1.061E+13,2.122E+13,,,,,,,,,,610,300,1328,,,,,16,TSMC,15300,,2025-03-07 16:04:57+00:00
NVIDIA P100,NVIDIA,GPU,4/5/2016,5699,4.7E+12,9.3E+12,1.87E+13,,,,,,16000000000,7.32E+11,,,,250,,,,,,16,TSMC,,"Transformer,IMPALA,ProteinGAN,RNMT+,LSTM (Hebbian, Cache, MbPA),QT-Opt,HiPPO-LegS,OpenAI Five,OpenAI Five Rerun,GPT-2+Active-SGD (WT2),mini-GPT-2+Active-AdamW",2025-03-31 09:43:48+00:00
NVIDIA Tesla P100 DGXS,NVIDIA,GPU,4/5/2016,,5.304E+12,1.061E+13,2.122E+13,,,,,,,,,,610,300,1328,,,,,16,TSMC,15300,,2025-03-07 16:04:55+00:00
NVIDIA M40,NVIDIA,GPU,11/10/2015,10799,2.135E+11,6.832E+12,,,,,,,12000000000,2.88E+11,,,601,250,948,1112,1502,384,,,,8000,"YOLOv3,RetinaNet-R101,MemoReader,ConvS2S (ensemble of 8 models)",2024-08-29 15:09:50+00:00
NVIDIA TESLA M60,NVIDIA,GPU,8/30/2015,,3.016E+11,9.65E+12,,,,,,,16000000000,3.208E+11,,,398,300,557,1178,1253,512,,28,TSMC,5200,,2024-07-26 01:17:53+00:00
NVIDIA Quadro M4000,NVIDIA,GPU,6/29/2015,,80390000000,2.573E+12,,,,,,,8000000000,1.92E+11,,,398,120,773,,1502,256,,28,TSMC,5200,,2024-07-26 01:17:59+00:00
Google TPU v1,Google,TPU,5/15/2015,,,,,,,,9.2E+13,,8589934592,34000000000,,,331,75,700,,,,,28,,,"AlphaGo Master,AlphaGo Zero,AlphaZero",2025-02-21 09:29:19+00:00
NVIDIA GeForce GTX TITAN X,NVIDIA,GPU,3/17/2015,999,2.091E+11,6.691E+12,,,,,,,12000000000,3.366E+11,,,601,250,1000,1089,1753,384,,28,TSMC,8000,"DeepSpeech2 (English),YOLOv3,Mono3D++,BIDAF,PolyNet,GELU for CIFAR-10,SSD,Part-of-sentence tagging model,Named Entity Recognition model,Graph-based Semi-Supervised Learning (GSSL) Model on MNIST,SAF R-CNN",2025-01-22 10:34:39+00:00
NVIDIA Quadro K1200,NVIDIA,GPU,1/28/2015,,35970000000,1.151E+12,,,,,,,4000000000,80000000000,,,148,45,1058,1124,1250,128,,28,TSMC,1870,,2024-07-26 01:18:12+00:00
NVIDIA Tesla K80,NVIDIA,GPU,11/17/2014,5000,2.742E+12,8.126E+12,,,,,,,24000000000,2.41E+11,,,561,300,562,824,1253,768,,28,TSMC,7100,"GNMT,Xception,JFT,Big-Little Net,OR-WideResNet,UniRep,Fold2Seq,Cube-Space AutoEncoder,code2vec,MoLeR",2025-01-02 19:52:27+00:00
NVIDIA GeForce GTX 980,NVIDIA,GPU,9/19/2014,549,1.556E+11,4.981E+12,,,,,,,4000000000,2.244E+11,,,398,165,1127,1216,,256,,28,TSMC,5200,SimpleNet,2024-09-06 20:37:26+00:00
NVIDIA GTX Titan Black,NVIDIA,GPU,2/18/2014,999,1.882E+12,5.645E+12,,,,,,,6000000000,3.36E+11,,,561,250,889,980,1750,384,,,,7080,"VGG16,VGG-Face",2024-12-12 10:42:02+00:00
NVIDIA Tesla K40s,NVIDIA,GPU,11/22/2013,7699,1.682E+12,5.046E+12,,,,,,,12000000000,2.88E+11,,,561,245,745,876,1502,384,,28,TSMC,7080,"AmoebaNet-A (F=448),VDCNN (on Amazon Review Full dataset),BIG LSTM+CNN INPUTS ,10 LSTMS + KN-5 (OPTIMAL WEIGHTS)",2025-01-13 17:24:43+00:00
NVIDIA Tesla K40t,NVIDIA,GPU,11/22/2013,7699,1.682E+12,5.046E+12,,,,,,,12000000000,2.884E+11,,,561,245,745,876,,384,,28,TSMC,7080,"MoE-Multi,MSRA (C, PReLU)",2025-03-03 07:57:05+00:00
NVIDIA Quadro K6000,NVIDIA,GPU,7/23/2013,5265,1.732E+12,5.196E+12,,,,,,,12000000000,2.88E+11,,,561,225,797,902,1502,384,,28,TSMC,7080,RNNsearch-50*,2025-03-03 07:43:22+00:00
NVIDIA GeForce GTX 780,NVIDIA,GPU,5/23/2013,649,1.732E+11,4.156E+12,,,,,,,3000000000,2.884E+11,,,561,250,863,902,,384,,28,TSMC,7080,Fractional Max-Pooling,2024-09-06 20:23:15+00:00
NVIDIA Quadro K4000,NVIDIA,GPU,3/1/2013,1269,51840000000,1.244E+12,,,,,,,3000000000,1.348E+11,,,221,80,810,,,192,,28,TSMC,2540,Attend-Infer-Repeat,2024-09-06 20:25:08+00:00
NVIDIA GeForce GTX TITAN,NVIDIA,GPU,2/19/2013,999,1.57E+12,4.709E+12,,,,,,,6000000000,2.884E+11,,,561,250,836,876,,384,,28,TSMC,7080,SPPNet,2024-09-06 20:45:46+00:00
NVIDIA Tesla K20c,NVIDIA,GPU,11/12/2012,3199,1.17E+12,3.52E+12,,,,,,,5000000000,2.08E+11,,,561,225,706,,1300,320,,28,TSMC,7080,,2024-07-26 01:19:54+00:00
NVIDIA Tesla K20X,NVIDIA,GPU,11/12/2012,7699,1.312E+12,3.935E+12,,,,,,,,,,,561,235,732,,,,,28,TSMC,7080,,2025-02-21 18:43:28+00:00
NVIDIA Tesla C2050,NVIDIA,GPU,7/25/2011,,5.139E+11,1.028E+12,,,,,,,,,,,529,238,574,,,,,40,TSMC,3100,,2025-02-21 19:19:50+00:00
NVIDIA GeForce GTX 580,NVIDIA,GPU,11/9/2010,499,1.976E+11,1.581E+12,,,,,,,1536000000,1.924E+11,,,520,244,772,1544,1002,384,,40,TSMC,3000,"Dropout (CIFAR),Dropout (ImageNet),Dropout (MNIST),Dropout (TIMIT),AlexNet,Visualizing CNNs,DNN EM segmentation,CNN Committee (NIST),CNN Committee (MNIST),High Performance CNN,CNN committee (traffic sign)",2024-10-17 15:40:59+00:00
NVIDIA GeForce GTX 280,NVIDIA,GPU,6/16/2008,649,77760000000,6.221E+11,,,,,,,1024000000,1.411E+11,,,576,236,602,,1107,512,,65,TSMC,1400,6-layer MLP (MNIST),2024-08-20 20:38:56+00:00
AMD Instinct MI355X,AMD,GPU,,,,,2340000000000000.0,,,,,,2.88E+11,,,,,,,,,,,3,,,,2024-10-21 18:36:56+00:00
Huawei Ascend 910A,Huawei,GPU,,,,,,,,,,,,,,,,,,,,,,,,,,2024-10-21 17:50:49+00:00
Huawei Ascend 910A Pro,Huawei,GPU,,,,,,,,,,,,,,,,,,,,,,,,,,2024-10-21 17:50:50+00:00
Huawei Ascend 910A Premium,Huawei,GPU,,,,,,,,,,,,,,,,,,,,,,,,,,2024-10-21 17:50:50+00:00
Huawei Ascend 910B Pro,Huawei,GPU,,,,,280000000000000.0,,,,,,32000000000,1.228E+12,,,,,,,1150,,,7,SMIC,,,2024-10-21 17:50:51+00:00
Huawei Ascend 910B1 (v1),Huawei,GPU,,,,,400000000000000.0,,,,,,64000000000,1.6E+12,,,,,,,1850,,,7,SMIC,,,2024-10-21 17:50:52+00:00
Huawei Ascend 910B1 (v2),Huawei,GPU,,,,,,,,,,,64000000000,1.6E+12,,,,,,,1850,,,7,SMIC,,,2024-10-21 17:50:52+00:00
Huawei Ascend 910B2,Huawei,GPU,,,,,376000000000000.0,,,,,,64000000000,1.6E+12,,,,,,,1800,,,7,SMIC,,,2024-10-21 17:50:53+00:00
Huawei Ascend 910B3,Huawei,GPU,,,,,313000000000000.0,,,,,,64000000000,1.6E+12,,,,,,,1800,,,7,SMIC,,,2024-10-21 17:50:53+00:00
Huawei Ascend 910B4,Huawei,GPU,,,,7.2E+13,280000000000000.0,,,,,,32000000000,8E+11,,,,,,,1650,,,7,SMIC,,,2024-10-21 17:50:54+00:00
NVIDIA GH100,NVIDIA,GPU,,,3.345E+13,6.691E+13,,494500000000000.0,989500000000000.0,,1979000000000000.0,,,,,,,700,,,,,,,TSMC,,,2025-01-22 21:21:21+00:00
Amazon Trainium2,Amazon AWS,GPU,,,,,,,667000000000000.0,,,,96000000000,2.9E+12,,,,500,,,,,,,,,,2025-01-29 21:02:29+00:00
Maia 100 (M100),Microsoft,GPU,,,,,,,800000000000000.0,,,,,,,,820,500,,,,,,5,TSMC,,,2025-01-10 00:59:31+00:00
Amazon Trainium1,Amazon AWS,GPU,,,,4.75E+13,190000000000000.0,190000000000000.0,190000000000000.0,,420000000000000.0,,,,,,,,,,,,,,,,,2025-01-29 21:02:19+00:00
Intel Habana Gaudi2,Intel,,,,,,,,450000000000000.0,,,,,,,,826,,,,,,,,,,,2025-02-21 19:26:01+00:00
Intel Habana Gaudi3,Intel,,,,,,,,1800000000000000.0,,,,,,,,,,,,,,,,,,,2025-02-21 09:16:06+00:00
Intel Habana GAUDI HL-205,Intel,,,,,,,,,,,,,,,,,300,,,,,,,,,,2025-02-21 09:16:05+00:00
GroqChip LPU v1,,LPU,,,,,118000000000000.0,,,,750000000000000.0,,230000000,8E+13,,,,215,900,,,,,14,,,,2025-02-21 19:34:13+00:00
NVIDIA B300,NVIDIA,GPU,,,,,,,3750000000000000.0,,7500000000000000.0,,,,,,,,,,,,,,,,,2025-03-07 05:30:14+00:00
Huawei Ascend 910C,Huawei,GPU,,,,,,,,,,,,,,,,,,,,,,,,,,2025-03-18 16:22:55+00:00
